Order_ID,Date,Product,Category,Quantity,Unit_Price,Revenue
1001,2026-01-03,Laptop,Electronics,1,900,900
1002,2026-01-03,Mouse,Accessories,2,25,50
1003,2026-01-04,Keyboard,Accessories,1,45,45
1004,2026-01-05,Laptop,Electronics,1,900,900
1005,2026-01-05,Monitor,Electronics,2,250,500
1006,2026-01-06,Mouse,Accessories,3,25,75
1007,2026-01-07,Keyboard,Accessories,2,45,90
1008,2026-01-07,Laptop,Electronics,1,900,900
1009,2026-01-08,Monitor,Electronics,1,250,250
1010,2026-01-09,Mouse,Accessories,2,25,50
